datetime,open,high,low,close
2026-03-12 00:00:00+00:00,0.5781213159000018,0.5781213159000018,0.5773283040000018,0.5778870643000018
2026-03-12 04:00:00+00:00,0.5778159282000017,0.5778159282000017,0.5758513488000018,0.5775524575000018
2026-03-12 08:00:00+00:00,0.5777093088000017,0.5783864004000018,0.5763131760000018,0.5771876838000017
2026-03-12 12:00:00+00:00,0.5771123200000018,0.5776211565000018,0.5746861904000018,0.5758520430000018
2026-03-12 16:00:00+00:00,0.5757299912000018,0.5762942640000018,0.5752621440000018,0.5760679430000017
2026-03-12 20:00:00+00:00,0.5761015275000017,0.5763975084000018,0.5751789264000017,0.5756193068000018
2026-03-13 00:00:00+00:00,0.5754875392000017,0.5767844844000019,0.5751104268000019,0.5760270950000019
2026-03-13 04:00:00+00:00,0.5760186009000018,0.5761906920000018,0.5734776244000018,0.5740287400000018
2026-03-13 08:00:00+00:00,0.5740253323000019,0.5752427526000019,0.5735783838000019,0.5747370476000018
2026-03-13 12:00:00+00:00,0.5749391120000018,0.5752536816000018,0.5729600625000018,0.5729600625000018
2026-03-13 16:00:00+00:00,0.5730640515000018,0.5737126780000018,0.5727124810000018,0.5730521493000018
2026-03-13 20:00:00+00:00,0.5730160269000019,0.5730160269000019,0.5718852720000018,0.5718852720000018
2026-03-15 20:00:00+00:00,0.5711079195000018,0.5711079195000018,0.5675648370000014,0.5686570142000015
2026-03-16 00:00:00+00:00,0.5689399560000015,0.5692815261000015,0.5680634855000015,0.5685865920000014
2026-03-16 04:00:00+00:00,0.5685498256000013,0.5708419864000015,0.5683649678000015,0.5703508464000014
2026-03-16 08:00:00+00:00,0.5705521848000015,0.5710923206000015,0.5692221480000014,0.5705545968000014
2026-03-16 12:00:00+00:00,0.5705866089000015,0.5723534376000013,0.5704507325000014,0.5717178072000014
2026-03-16 16:00:00+00:00,0.5718474396000014,0.5723175744000015,0.5709421270000015,0.5722968506000015
2026-03-16 20:00:00+00:00,0.5722475439000015,0.5723708532000014,0.5703755610000014,0.5716601104000013
2026-03-17 00:00:00+00:00,0.5715237996000013,0.5736316232000013,0.5704167636000013,0.5719391119000012
2026-03-17 04:00:00+00:00,0.5718488676000013,0.5735415861000012,0.5712017651000013,0.5713687184000013
2026-03-17 08:00:00+00:00,0.5714611140000012,0.5725321495000013,0.5710051056000013,0.5721739957000013
2026-03-17 12:00:00+00:00,0.5721999173000013,0.5741314700000013,0.5715859942000012,0.5724475194000013
2026-03-17 16:00:00+00:00,0.5724028236000013,0.5728533480000012,0.5720463252000013,0.5724119940000013
2026-03-17 20:00:00+00:00,0.5724559260000013,0.5725307412000014,0.5703910569000012,0.5721667448000015
2026-03-18 00:00:00+00:00,0.5720081988000014,0.5732092896000015,0.5719248054000015,0.5727734375000014
2026-03-18 04:00:00+00:00,0.5728177734000014,0.5737666869000014,0.5724569994000014,0.5736503140000015
2026-03-18 08:00:00+00:00,0.5736630120000015,0.5737906152000015,0.5719318462000015,0.5720784732000015
2026-03-18 12:00:00+00:00,0.5721302076000016,0.5729006925000014,0.5702627241000015,0.5728409185000015
2026-03-18 16:00:00+00:00,0.5727921472000015,0.5741215940000015,0.5719864158000014,0.5722794576000015
2026-03-18 20:00:00+00:00,0.5721999531000015,0.5722734640000015,0.5706738516000013,0.5717650050000014
2026-03-19 00:00:00+00:00,0.5717637618000013,0.5729044491000014,0.5712987396000013,0.5726402838000014
2026-03-19 04:00:00+00:00,0.5725481085000014,0.5726526520000014,0.5707823547000014,0.5710138257000014
2026-03-19 08:00:00+00:00,0.5712136287000014,0.5757864896000014,0.5711411356000013,0.5742170568000013
2026-03-19 12:00:00+00:00,0.5741224125000013,0.5741224125000013,0.5703285620000013,0.5719992384000014
2026-03-19 16:00:00+00:00,0.5720454950000013,0.5735661852000014,0.5714637300000014,0.5728723704000014
2026-03-19 20:00:00+00:00,0.5729288565000014,0.5735301216000014,0.5721239784000014,0.5730036340000013
2026-03-20 00:00:00+00:00,0.5730977980000014,0.5737513530000014,0.5723626327000013,0.5734005200000014
2026-03-20 04:00:00+00:00,0.5734167672000013,0.5744749725000013,0.5731633556000014,0.5738421944000014
2026-03-20 08:00:00+00:00,0.5738287779000014,0.5740392900000014,0.5706460907000014,0.5714524224000014
2026-03-20 12:00:00+00:00,0.5714602719000014,0.5715035336000014,0.5692939200000013,0.5692939200000013
2026-03-20 16:00:00+00:00,0.5692443282000013,0.5695697640000014,0.5670834862000014,0.5675659545000014
2026-03-20 20:00:00+00:00,0.5677167222000014,0.5679711804000014,0.5672203840000013,0.5674223110000013
2026-03-22 20:00:00+00:00,0.5661251393000013,0.5704933160000015,0.5661251393000013,0.5702877408000014
2026-03-23 00:00:00+00:00,0.5702321120000016,0.5705586432000015,0.5687494104000015,0.5690777024000016
2026-03-23 04:00:00+00:00,0.5692540500000015,0.5692540500000015,0.5668789462000016,0.5671063873000015
2026-03-23 08:00:00+00:00,0.5672340240000016,0.5733414712000016,0.5666588265000015,0.5697062046000015
2026-03-23 12:00:00+00:00,0.5694193232000015,0.5717819288000016,0.5684979282000016,0.5689659492000015
2026-03-23 16:00:00+00:00,0.5692774584000015,0.5705699120000015,0.5683797361000015,0.5692857602000015
2026-03-23 20:00:00+00:00,0.5691192323000015,0.5705750897000015,0.5686555680000015,0.5698205232000014
2026-03-24 00:00:00+00:00,0.5696617635000015,0.5696617635000015,0.5675606972000015,0.5679410352000015
2026-03-24 04:00:00+00:00,0.5679403870000015,0.5703266346000015,0.5672551840000015,0.5680329150000015
2026-03-24 08:00:00+00:00,0.5681710944000015,0.5682384512000015,0.5660699264000014,0.5674302130000014
2026-03-24 12:00:00+00:00,0.5672898400000015,0.5703001696000014,0.5668433988000016,0.5698362150000015
2026-03-24 16:00:00+00:00,0.5697854140000015,0.5700693904000015,0.5682405138000015,0.5692654600000014
2026-03-24 20:00:00+00:00,0.5693186600000015,0.5705292540000015,0.5690651384000015,0.5698985189000014
2026-03-25 00:00:00+00:00,0.5697267327000015,0.5702465840000015,0.5686198794000015,0.5694027532000016
2026-03-25 04:00:00+00:00,0.5695465908000016,0.5696207316000015,0.5689799805000015,0.5690835537000015
2026-03-25 08:00:00+00:00,0.5690767482000015,0.5700850450000016,0.5679441175000015,0.5682147417000015
2026-03-25 12:00:00+00:00,0.5683327755000015,0.5699368928000015,0.5676779163000015,0.5699368928000015
2026-03-25 16:00:00+00:00,0.5699159460000015,0.5699237684000016,0.5686951952000016,0.5688511006000015
2026-03-25 20:00:00+00:00,0.5689735023000015,0.5690995816000015,0.5671153431000016,0.5679584050000015
2026-03-26 00:00:00+00:00,0.5680315597000015,0.5687546964000015,0.5676653120000016,0.5687045406000015
2026-03-26 04:00:00+00:00,0.5686550730000015,0.5691808946000015,0.5682385016000014,0.5682422187000015
2026-03-26 08:00:00+00:00,0.5684622177000015,0.5684622177000015,0.5668383789000014,0.5668383789000014
2026-03-26 12:00:00+00:00,0.5667972930000016,0.5678422024000015,0.5659258368000015,0.5668681480000015
2026-03-26 16:00:00+00:00,0.5669284572000016,0.5669642712000016,0.5656854618000015,0.5657153366000015
2026-03-26 20:00:00+00:00,0.5657992560000016,0.5671382977000015,0.5654194203000016,0.5663638296000015
2026-03-27 00:00:00+00:00,0.5665232505000016,0.5683791652000015,0.5654466314000016,0.5683791652000015
2026-03-27 04:00:00+00:00,0.5684625984000016,0.5686591482000016,0.5675421920000017,0.5680535446000016
2026-03-27 08:00:00+00:00,0.5681005616000017,0.5691459642000015,0.5675545525000015,0.5684501475000016
2026-03-27 12:00:00+00:00,0.5686009582000016,0.5688439587000016,0.5667419356000016,0.5681017872000016
2026-03-27 16:00:00+00:00,0.5681254866000015,0.5682269920000016,0.5668352936000015,0.5680785322000015
2026-03-27 20:00:00+00:00,0.5679010195000016,0.5688555054000016,0.5673012226000017,0.5673012226000017
2026-03-29 20:00:00+00:00,0.5666745042000016,0.5666745042000016,0.5635288659000018,0.5645227962000019
2026-03-30 00:00:00+00:00,0.5644056960000019,0.5652503010000018,0.5635123500000019,0.5652032592000019
2026-03-30 04:00:00+00:00,0.5651843073000019,0.5653754872000019,0.5643229662000019,0.5645244720000019
2026-03-30 08:00:00+00:00,0.564497286400002,0.5653833990000018,0.5644939601000019,0.5652361156000019
2026-03-30 12:00:00+00:00,0.5652206967000019,0.5658901399000018,0.5637852045000019,0.5652082032000019
2026-03-30 16:00:00+00:00,0.5652617600000018,0.5654521062000019,0.5639974374000019,0.5644441932000018
2026-03-30 20:00:00+00:00,0.5643593272000018,0.5647193050000019,0.5627142960000018,0.5641901655000019
2026-03-31 00:00:00+00:00,0.5641785072000018,0.5651069570000019,0.5634693504000019,0.5636568996000019
2026-03-31 04:00:00+00:00,0.563719100700002,0.5659278685000019,0.5629075730000018,0.5658565344000018
2026-03-31 08:00:00+00:00,0.5659442564000019,0.5669535816000019,0.5649253676000019,0.5669053777000018
2026-03-31 12:00:00+00:00,0.5669951690000019,0.5682497821000019,0.5661539565000019,0.566824859600002
2026-03-31 16:00:00+00:00,0.5670280580000019,0.5688960933000019,0.5669118882000018,0.5682374824000018
2026-03-31 20:00:00+00:00,0.5682056614000018,0.5696873400000019,0.5678336586000019,0.5696873400000019
2026-04-01 00:00:00+00:00,0.5695997010000019,0.5701932813000019,0.5683627600000019,0.5687905720000019
2026-04-01 04:00:00+00:00,0.5687420384000019,0.5693768190000019,0.567771586800002,0.5680071906000019
2026-04-01 08:00:00+00:00,0.5679309280000019,0.5690039240000019,0.5676740225000019,0.5681444628000019
2026-04-01 12:00:00+00:00,0.5680299648000019,0.5685848750000019,0.567022576400002,0.5683807759000019
2026-04-01 16:00:00+00:00,0.5684230518000019,0.5685003816000018,0.566866081600002,0.5678011780000018
2026-04-01 20:00:00+00:00,0.567834291200002,0.570075779400002,0.5668371735000018,0.569533109600002
2026-04-02 00:00:00+00:00,0.569482796400002,0.569810894400002,0.5679975781000021,0.569300436200002
2026-04-02 04:00:00+00:00,0.569234946000002,0.5702807631000021,0.568670334000002,0.569982362800002
2026-04-02 08:00:00+00:00,0.570027251700002,0.570027251700002,0.5691011489000021,0.5691380734000021
2026-04-02 12:00:00+00:00,0.569126304000002,0.572183155600002,0.5689590408000019,0.571645031300002
2026-04-02 16:00:00+00:00,0.5716814831000021,0.571906166400002,0.571356957600002,0.571795391800002
2026-04-02 20:00:00+00:00,0.5717752942000021,0.5737339780000021,0.571562142600002,0.5736184790000022
2026-04-03 00:00:00+00:00,0.5736925506000021,0.5739094720000021,0.5732308890000021,0.5732759703000022
2026-04-03 04:00:00+00:00,0.5732759703000022,0.5734317937000022,0.5728304330000021,0.5728351036000021
2026-04-03 08:00:00+00:00,0.5728141176000022,0.5731828018000023,0.5726357712000022,0.5730909786000022
2026-04-03 12:00:00+00:00,0.5730256740000023,0.5737434132000021,0.5722294200000022,0.5731142690000022
2026-04-03 16:00:00+00:00,0.5731963776000022,0.5737139616000022,0.5730713450000022,0.573159908000002
2026-04-03 20:00:00+00:00,0.5732588166000021,0.5732588166000021,0.5708462708000022,0.5712977056000021
2026-04-05 20:00:00+00:00,0.5511966352000001,0.5514460323000002,0.5496065716000003,0.5514099558000001
2026-04-06 00:00:00+00:00,0.5515546736000002,0.5534566475000002,0.5515546736000002,0.5525381463000002
2026-04-06 04:00:00+00:00,0.5525621214000002,0.5529181728000002,0.5519431134000001,0.5519431134000001
2026-04-06 08:00:00+00:00,0.5521053416000002,0.5528570028000002,0.5520833760000001,0.5526538160000002
2026-04-06 12:00:00+00:00,0.5526553828000002,0.5528465524000002,0.5514469488000001,0.5517552359000002
2026-04-06 16:00:00+00:00,0.5517545080000001,0.5521032684000002,0.5512991838000002,0.5520091500000002
2026-04-06 20:00:00+00:00,0.5520202208000002,0.5520548728000002,0.5500867460000002,0.5511164988000001
2026-04-07 00:00:00+00:00,0.5510654135000003,0.5518909280000002,0.5508425904000003,0.5515793110000002
2026-04-07 04:00:00+00:00,0.5515495308000002,0.5522384732000002,0.5511964040000003,0.5522384732000002
2026-04-07 08:00:00+00:00,0.5523282492000002,0.5536116768000002,0.5520095290000002,0.5535680040000002
2026-04-07 12:00:00+00:00,0.5536008920000002,0.5546880900000003,0.5533811382000002,0.5543462436000002
2026-04-07 16:00:00+00:00,0.5543392888000003,0.5552375383000002,0.5541145676000002,0.5552375383000002
2026-04-07 20:00:00+00:00,0.5552555722000001,0.5601803955,0.5545992830000002,0.5591352786
2026-04-08 00:00:00+00:00,0.5591275965000001,0.5596052476000001,0.5565000656,0.5572374003000001
2026-04-08 04:00:00+00:00,0.5572247600000001,0.5581154240000001,0.5559189296000001,0.5559244254
2026-04-08 08:00:00+00:00,0.555827727,0.5560376720000001,0.5546652475000001,0.5559983260000001
2026-04-08 12:00:00+00:00,0.5558516894000001,0.5576009760000001,0.5555443356,0.5574936430000001
2026-04-08 16:00:00+00:00,0.5575420928000001,0.5578278806,0.556898152,0.5577875680000001
2026-04-08 20:00:00+00:00,0.557797128,0.5585250720000001,0.5566983264000002,0.5580637547000001
2026-04-09 00:00:00+00:00,0.5580532770000001,0.5581680531000002,0.5574420971000001,0.5580678018000002
2026-04-09 04:00:00+00:00,0.5581081984000003,0.5583629772000002,0.5569506755000002,0.5569777000000002
2026-04-09 08:00:00+00:00,0.5570242755000002,0.5579444160000001,0.5567135554000001,0.5579254095000002
2026-04-09 12:00:00+00:00,0.5577700477000002,0.5599911336000002,0.5573778648000002,0.5599911336000002
2026-04-09 16:00:00+00:00,0.5599422036000002,0.5610745126000002,0.5596542326000001,0.5610745126000002
2026-04-09 20:00:00+00:00,0.5610460075000002,0.5611091100000002,0.55839422,0.5596710724
2026-04-10 00:00:00+00:00,0.5596778032000002,0.5600013321,0.5587936480000001,0.5588425920000001
2026-04-10 04:00:00+00:00,0.5588939433000001,0.55897816,0.5577238656000001,0.5578384630000001
2026-04-10 08:00:00+00:00,0.557835997,0.5584590683999999,0.5576268447,0.5579295942
2026-04-10 12:00:00+00:00,0.5580177798000001,0.5594407140000001,0.5566753836,0.5586644350000001
2026-04-10 16:00:00+00:00,0.5587503012,0.5587503012,0.5582124589999999,0.5585517648000001
2026-04-10 20:00:00+00:00,0.558586434,0.558665208,0.5562761477,0.5562761477
2026-04-12 20:00:00+00:00,0.554841253,0.560239632,0.554841253,0.5598470232
2026-04-13 00:00:00+00:00,0.5599137225999999,0.5612339282,0.5596694609999999,0.5607333744999999
2026-04-13 04:00:00+00:00,0.5607239316,0.5613050542,0.5605407525999999,0.560890743
2026-04-13 08:00:00+00:00,0.5608877729999999,0.56101978,0.5596996679999999,0.5599195896
2026-04-13 12:00:00+00:00,0.5597210584,0.5604123294,0.5590928719999999,0.5596052490000001
2026-04-13 16:00:00+00:00,0.559569584,0.5601039941999999,0.5592379799999999,0.5595751713
2026-04-13 20:00:00+00:00,0.559634432,0.559700864,0.5573555740999999,0.5588547299999999
2026-04-14 00:00:00+00:00,0.5587941351999999,0.5588455635999999,0.5574666674999998,0.5576255633999999
2026-04-14 04:00:00+00:00,0.5576704097999999,0.5580737819999999,0.55663104,0.5572121411999998
2026-04-14 08:00:00+00:00,0.5573280301999999,0.5589815118,0.5570930799999999,0.5589034879999999
2026-04-14 12:00:00+00:00,0.5589849323999999,0.5600520171,0.5583903083999999,0.5597343019
2026-04-14 16:00:00+00:00,0.5597446951999998,0.5599005499999999,0.5593853655,0.5596375615999999
2026-04-14 20:00:00+00:00,0.5596502154999998,0.5596502154999998,0.5564803914999998,0.5579561342999998
2026-04-15 00:00:00+00:00,0.5580130539999998,0.5586261059999998,0.5576038797999998,0.5583822724999997
2026-04-15 04:00:00+00:00,0.5583960707999999,0.5594511061999999,0.5583451719999999,0.5591443751999999
2026-04-15 08:00:00+00:00,0.5591505604999998,0.5600430919999998,0.5585565832999998,0.5600168287999998
2026-04-15 12:00:00+00:00,0.5599909301999998,0.5609063985999998,0.5595642920999999,0.5608186001999999
2026-04-15 16:00:00+00:00,0.5608607471999998,0.5621123442999998,0.5608379903999997,0.5620075683999998
2026-04-15 20:00:00+00:00,0.5619510143999998,0.5640194555999999,0.5613026435999997,0.5639804775999999
2026-04-16 00:00:00+00:00,0.5639197972999999,0.5647814000999999,0.5632483895999999,0.5646514796999998
2026-04-16 04:00:00+00:00,0.5646592665999999,0.5653563259999999,0.5642560944999998,0.5651033049999998
2026-04-16 08:00:00+00:00,0.5650670924999998,0.5654501431999998,0.5644121185999998,0.5652288543999999
2026-04-16 12:00:00+00:00,0.5652499703999998,0.5654632983999999,0.5644488344999998,0.5649801473999998
2026-04-16 16:00:00+00:00,0.5649897239999999,0.5651764799999999,0.5639850522999998,0.5643248027999999
2026-04-16 20:00:00+00:00,0.5642592246999999,0.5645148519999998,0.5620954859999999,0.5628819167999999
2026-04-17 00:00:00+00:00,0.5628904556,0.5635412186,0.5625830651999999,0.5634384416999999
2026-04-17 04:00:00+00:00,0.5634263274999999,0.5638765684999999,0.5633595952,0.563832877
2026-04-17 08:00:00+00:00,0.5638524857999999,0.5640392779999999,0.5630817589999999,0.5634899219999999
2026-04-17 12:00:00+00:00,0.5634159388,0.5644113749999998,0.5621680349999999,0.5626891686
2026-04-17 16:00:00+00:00,0.5626735928,0.5627331176999999,0.5619805239999999,0.5624446079
2026-04-17 20:00:00+00:00,0.5624090328,0.5625413025,0.5619263948999998,0.5619263948999998
2026-04-19 20:00:00+00:00,0.5611900670999999,0.5656733229999998,0.5611900670999999,0.5652704624999999
2026-04-20 00:00:00+00:00,0.5651026559999999,0.5660635397999999,0.5650330119999998,0.5657105618999999
2026-04-20 04:00:00+00:00,0.5656549121999999,0.5661009134999999,0.5650191335999999,0.5652199779999999
2026-04-20 08:00:00+00:00,0.5651802815999999,0.5655438959999999,0.5647266969999999,0.5654582954999998
2026-04-20 12:00:00+00:00,0.5654624315999999,0.5655380345999999,0.5636114349999999,0.5642998515
2026-04-20 16:00:00+00:00,0.5642614383999999,0.5648724969999999,0.5641281971999998,0.5648724969999999
2026-04-20 20:00:00+00:00,0.5648327607999999,0.5648652148999999,0.5636304251999998,0.5644293011999999
2026-04-21 00:00:00+00:00,0.5645306004999999,0.5650546823999999,0.5642834634999999,0.5644462531
2026-04-21 04:00:00+00:00,0.5644540163999999,0.5645209328999999,0.5635254308,0.5635485744
2026-04-21 08:00:00+00:00,0.5634724455,0.5644371557999999,0.5634724455,0.564270663
2026-04-21 12:00:00+00:00,0.564210044,0.5653607939999999,0.5640325807999998,0.5647020192
2026-04-21 16:00:00+00:00,0.5647133169999999,0.5648784998999998,0.5637690096,0.564029445
2026-04-21 20:00:00+00:00,0.5640957048999999,0.5649030719999999,0.5613758580000001,0.5626089644000002
2026-04-22 00:00:00+00:00,0.5626315044000002,0.5631074174000004,0.5624551044000002,0.5626836936000001
2026-04-22 04:00:00+00:00,0.5627017407000002,0.5635054836000003,0.5625817218000002,0.5630646212000002
2026-04-22 08:00:00+00:00,0.5630946084000003,0.5636761570000002,0.5627919385000003,0.5633048082000003
2026-04-22 12:00:00+00:00,0.5632690614000002,0.5651167214000002,0.5632218211000003,0.5651167214000002
2026-04-22 16:00:00+00:00,0.5651483916000003,0.5660131689000002,0.5648311116000003,0.5659266360000001
2026-04-22 20:00:00+00:00,0.5659774308000002,0.5661670053000001,0.5645913285000002,0.5658698682000002
2026-04-23 00:00:00+00:00,0.5658198000000001,0.5660714878000002,0.5649499140000002,0.5651653242000001
2026-04-23 04:00:00+00:00,0.5651849250000002,0.5658462029000002,0.5649951120000002,0.5657231350000002
2026-04-23 08:00:00+00:00,0.5657314752000002,0.5657314752000002,0.5645206121000002,0.5650479274000001
2026-04-23 12:00:00+00:00,0.5650762312000002,0.5659287837000002,0.5649437196000002,0.565291567
2026-04-23 16:00:00+00:00,0.5653272905000002,0.5656837752000001,0.5641025760000001,0.5650152951000001
2026-04-23 20:00:00+00:00,0.5649860104000002,0.5650684655000002,0.5626504380000001,0.5636993458000001
2026-04-24 00:00:00+00:00,0.5638113970000002,0.5641077704000002,0.5633226635000002,0.5634161661000002
2026-04-24 04:00:00+00:00,0.5634896310000002,0.5644957059000002,0.5634193500000002,0.5642728016000002
2026-04-24 08:00:00+00:00,0.5643761024000001,0.5647250128000002,0.5637148627000002,0.5641651872000002
2026-04-24 12:00:00+00:00,0.5641744845000002,0.5646991500000001,0.5639413716000001,0.5644586755000002
2026-04-24 16:00:00+00:00,0.5643166480000001,0.5647392894000002,0.5640946176000002,0.5644801679000002
2026-04-24 20:00:00+00:00,0.5644589580000002,0.5644780151000002,0.5634638100000001,0.5634638100000001
2026-04-26 20:00:00+00:00,0.5632722990000001,0.5643721317999999,0.5620457619999999,0.5642119216
2026-04-27 00:00:00+00:00,0.5642156598,0.5655301288,0.5641752105,0.5653441887999999
2026-04-27 04:00:00+00:00,0.5653223344,0.5657653638,0.564681996,0.5656795101
2026-04-27 08:00:00+00:00,0.5656230981,0.5663903464,0.5653637794,0.566307758
2026-04-27 12:00:00+00:00,0.5663488935,0.5667429264,0.5659287448,0.5666621352
2026-04-27 16:00:00+00:00,0.5666388576,0.5673263682,0.5666388576,0.5670517643999999
2026-04-27 20:00:00+00:00,0.5670474975,0.5671402816,0.5647017713999999,0.5661939111
2026-04-28 00:00:00+00:00,0.5661400821999998,0.5667465759999999,0.5659492607999999,0.5666633714999998
2026-04-28 04:00:00+00:00,0.5665774581999998,0.5683957108999999,0.5664281509999999,0.5683957108999999
2026-04-28 08:00:00+00:00,0.5681756967999999,0.5683590611999998,0.5668814644999999,0.5672993339999999
2026-04-28 12:00:00+00:00,0.5673201929999999,0.5687232383999999,0.5672375624999999,0.5679397359999999
2026-04-28 16:00:00+00:00,0.5679799826999999,0.56878084,0.5678761889999998,0.5684646879999998
2026-04-28 20:00:00+00:00,0.5684068648999999,0.5685499479999999,0.5652529471999999,0.5666581725
2026-04-29 00:00:00+00:00,0.5667263448,0.5667690414,0.5644593151999999,0.5646722781
2026-04-29 04:00:00+00:00,0.5647086396,0.5651635086,0.5643810089999999,0.5649201695999999
2026-04-29 08:00:00+00:00,0.5648877297,0.565190376,0.5643401871,0.5646937625999999
2026-04-29 12:00:00+00:00,0.5646849959999999,0.5652068432999999,0.5626463084,0.5630226168
2026-04-29 16:00:00+00:00,0.5631103112,0.5635448364,0.562408917,0.5627125835
2026-04-29 20:00:00+00:00,0.5627520681999999,0.5638545984000003,0.5611528631999999,0.5637175992000003
2026-04-30 00:00:00+00:00,0.5637056964000002,0.5644776900000003,0.5631447000000003,0.5641325028000004
2026-04-30 04:00:00+00:00,0.5640979710000003,0.5642176716000004,0.5631723328000003,0.5636390580000002
2026-04-30 08:00:00+00:00,0.5635748130000003,0.5637370616000003,0.5616613359000002,0.5616798772000003
2026-04-30 12:00:00+00:00,0.5618539773000003,0.5630582115000002,0.5604112664000003,0.5620554032000002
2026-04-30 16:00:00+00:00,0.5620566350000002,0.5625872230000004,0.5617232445000003,0.5624125461000004
2026-04-30 20:00:00+00:00,0.5623613576000003,0.5637351586000002,0.5603216229000003,0.5635150872000002
2026-05-01 00:00:00+00:00,0.5634680590000003,0.5636472723000002,0.5630181672000003,0.5630721050000003
2026-05-01 04:00:00+00:00,0.5630632047000003,0.5636761262000003,0.5619570046000003,0.5632247621000003
2026-05-01 08:00:00+00:00,0.5632372590000003,0.5632865048000003,0.5620300038000002,0.5623521464000003
2026-05-01 12:00:00+00:00,0.5623579080000003,0.5634652581000003,0.5619820960000004,0.5632779805000003
2026-05-01 16:00:00+00:00,0.5633450134000002,0.5640171610000003,0.5631921589000003,0.5638468521000003
2026-05-01 20:00:00+00:00,0.5638403140000003,0.5639273358000003,0.5632613730000003,0.5633869884000003
2026-05-03 20:00:00+00:00,0.5638036250000003,0.5642059500000003,0.5607449518000004,0.5612054916000003
2026-05-04 00:00:00+00:00,0.5611859526000004,0.5613799376000004,0.5607095508000004,0.5608345521000003
2026-05-04 04:00:00+00:00,0.5608561150000004,0.5610743785000003,0.5600723562000004,0.5609070720000003
2026-05-04 08:00:00+00:00,0.5609527000000004,0.5616091922000004,0.5602312862000004,0.5610359070000004
2026-05-04 12:00:00+00:00,0.5610367848000004,0.5612826240000004,0.5593740322000004,0.5594600500000004
2026-05-04 16:00:00+00:00,0.5594154096000004,0.5601298230000004,0.5590348416000004,0.5600309154000004
2026-05-04 20:00:00+00:00,0.5600337743000003,0.5600549997000004,0.5584661532000004,0.5596137079000004
2026-05-05 00:00:00+00:00,0.5596218550000004,0.5598838250000003,0.5586133590000004,0.5586292296000004
2026-05-05 04:00:00+00:00,0.5586373933000004,0.5598613702000004,0.5572685183000003,0.5580661044000004
2026-05-05 08:00:00+00:00,0.5581086588000004,0.5600132020000004,0.5579468365000004,0.5597300506000005
2026-05-05 12:00:00+00:00,0.5596389370000003,0.5604918935000003,0.5593849832000003,0.5603685132000004
2026-05-05 16:00:00+00:00,0.5601714497000003,0.5604050944000003,0.5600395944000004,0.5601473328000004
2026-05-05 20:00:00+00:00,0.5602059807000004,0.5602873452000003,0.5582314395000003,0.5601114112000003
2026-05-06 00:00:00+00:00,0.5602903500000004,0.5630584095000004,0.5602903500000004,0.5624690099000004
2026-05-06 04:00:00+00:00,0.5624205200000003,0.5631494604000004,0.5618227314000004,0.5618626838000004
2026-05-06 08:00:00+00:00,0.5620042734000004,0.5630997021000004,0.5614333350000004,0.5615958460000003
2026-05-06 12:00:00+00:00,0.5615528240000004,0.5616269046000004,0.5606203900000004,0.5609346113000003
2026-05-06 16:00:00+00:00,0.5608657352000004,0.5610486285000004,0.5605195860000003,0.5607496818000004
2026-05-06 20:00:00+00:00,0.5607187846000004,0.5609882544000002,0.5594060856000003,0.5608905925000003
2026-05-07 00:00:00+00:00,0.5609826744000004,0.5616755508000003,0.5608578024000003,0.5616381966000003
2026-05-07 04:00:00+00:00,0.5617198796000004,0.5620949680000003,0.5613984359000003,0.5620047150000003
2026-05-07 08:00:00+00:00,0.5620731567000002,0.5622631784000003,0.5614035070000003,0.5619658500000003
2026-05-07 12:00:00+00:00,0.5620629040000003,0.5620685730000002,0.5603978094000003,0.5603978094000003
2026-05-07 16:00:00+00:00,0.5603422637000003,0.5609748100000003,0.5602051476000003,0.5603109120000002
2026-05-07 20:00:00+00:00,0.5604091188000002,0.5607014742000003,0.5578142170000004,0.5593340768000005
2026-05-08 00:00:00+00:00,0.5593682262000004,0.5601947988000004,0.5589279462000004,0.5598836910000005
2026-05-08 04:00:00+00:00,0.5599077048000004,0.5600861133000004,0.5595012804000004,0.5595541416000004
2026-05-08 08:00:00+00:00,0.5595671523000004,0.5602845816000004,0.5592338856000004,0.5596576860000004
2026-05-08 12:00:00+00:00,0.5596772568000005,0.5601512246000006,0.5590708662000005,0.5595724250000005
2026-05-08 16:00:00+00:00,0.5595987500000005,0.5596588935000004,0.5589501360000004,0.5596151418000005
2026-05-08 20:00:00+00:00,0.5596354848000005,0.5596354848000005,0.5588656771000003,0.5588656771000003
2026-05-10 20:00:00+00:00,0.5587773312000004,0.5600188192000006,0.5573883948000006,0.5597532360000006
2026-05-11 00:00:00+00:00,0.5597529641000006,0.5604233492000006,0.5596563700000007,0.5602829931000006
2026-05-11 04:00:00+00:00,0.5602674416000006,0.5609223183000006,0.5600887032000006,0.5605423286000006
2026-05-11 08:00:00+00:00,0.5606079680000006,0.5610903372000006,0.5603243816000005,0.5610421200000006
2026-05-11 12:00:00+00:00,0.5611020536000005,0.5612817441000006,0.5607065320000006,0.5611599014000006
2026-05-11 16:00:00+00:00,0.5611810355000005,0.5612914779000006,0.5609280660000007,0.5611976370000006
2026-05-11 20:00:00+00:00,0.5611529442000006,0.5611881807000006,0.5599818500000007,0.5609692110000006
2026-05-12 00:00:00+00:00,0.5607572080000006,0.5611872000000007,0.5602967424000006,0.5609443777000006
2026-05-12 04:00:00+00:00,0.5609828742000007,0.5613334272000007,0.5597783984000007,0.5606656440000006
2026-05-12 08:00:00+00:00,0.5607720892000007,0.5617434528000006,0.5603689600000006,0.5617434528000006
2026-05-12 12:00:00+00:00,0.5617345624000006,0.5622794115000006,0.5610433500000007,0.5617749192000007
2026-05-12 16:00:00+00:00,0.5617296160000006,0.5622983217000006,0.5614290565000006,0.5622662560000007
2026-05-12 20:00:00+00:00,0.5622050736000007,0.5628098704000006,0.5617596240000007,0.5625160310000006
2026-05-13 00:00:00+00:00,0.5626002228000005,0.5629210848000006,0.5621134428000005,0.5623118280000005
2026-05-13 04:00:00+00:00,0.5622971328000005,0.5631749732000005,0.5621563024000006,0.5630060568000006
2026-05-13 08:00:00+00:00,0.5631561678000006,0.5642930515000005,0.5630676828000005,0.5641957375000006
2026-05-13 12:00:00+00:00,0.5641447994000005,0.5662596096000005,0.5639041160000006,0.5658380105000006
2026-05-13 16:00:00+00:00,0.5659212216000006,0.5660283510000006,0.5646465955000005,0.5646465955000005
2026-05-13 20:00:00+00:00,0.5646542616000005,0.5658488608000006,0.5644923648000005,0.5655071975000007
2026-05-14 00:00:00+00:00,0.5653564672000007,0.5655510822000006,0.5647047426000006,0.5654098004000006
2026-05-14 04:00:00+00:00,0.5654386320000007,0.5661891360000006,0.5650344726000006,0.5650344726000006
2026-05-14 08:00:00+00:00,0.5651609448000006,0.5656976528000006,0.5645458072000006,0.5646646475000006
2026-05-14 12:00:00+00:00,0.5644244820000006,0.5646689482000007,0.5633608624000006,0.5641653486000007
2026-05-14 16:00:00+00:00,0.5641359990000007,0.5645386032000007,0.5639232352000006,0.5643487681000007
2026-05-14 20:00:00+00:00,0.5643498544000006,0.5645965926000006,0.5632257310000006,0.5640702086000006
2026-05-15 00:00:00+00:00,0.5641218712000006,0.5643828940000005,0.5627813632000005,0.5631793175000005
2026-05-15 04:00:00+00:00,0.5631391740000005,0.5631480864000006,0.5608747029000006,0.5612027815000006
2026-05-15 08:00:00+00:00,0.5612486040000005,0.5612486040000005,0.5599436744000006,0.5606572896000006
2026-05-15 12:00:00+00:00,0.5605951049000005,0.5614588175000006,0.5604809832000005,0.5610922310000005
2026-05-15 16:00:00+00:00,0.5611262415000005,0.5616560756000005,0.5608783713000006,0.5608783713000006
2026-05-15 20:00:00+00:00,0.5608220132000006,0.5609264500000005,0.5603112654000005,0.5603112654000005
2026-05-17 20:00:00+00:00,0.5609460153000005,0.5624324277000009,0.5608522512000009,0.5609551681000009
2026-05-18 00:00:00+00:00,0.560870591400001,0.5609038656000009,0.5602330620000009,0.5609038656000009
2026-05-18 04:00:00+00:00,0.560842519500001,0.5614027926000009,0.560532172200001,0.561179539200001
2026-05-18 08:00:00+00:00,0.561270857600001,0.5622102691000009,0.5608943548000009,0.5619070481000009
2026-05-18 12:00:00+00:00,0.5618457432000009,0.5631075374000009,0.561695920800001,0.561915603900001
2026-05-18 16:00:00+00:00,0.5619648614000009,0.5619780039000009,0.5612811498000009,0.561845427000001
2026-05-18 20:00:00+00:00,0.5617891310000009,0.562506272000001,0.560835086000001,0.5622541062000009
2026-05-19 00:00:00+00:00,0.562313298400001,0.562313298400001,0.560536084500001,0.5606182656000009
2026-05-19 04:00:00+00:00,0.560616899700001,0.560681828000001,0.5593521660000008,0.5593521660000008
2026-05-19 08:00:00+00:00,0.5592867500000008,0.5605133506000008,0.5590017888000008,0.5604353568000009
2026-05-19 12:00:00+00:00,0.5603095736000008,0.5609848552000009,0.5594250690000008,0.5606003060000008
2026-05-19 16:00:00+00:00,0.5606468546000009,0.5611111716000008,0.5604834008000009,0.5607202500000008
2026-05-19 20:00:00+00:00,0.5606592810000008,0.5610778505000008,0.5602749255000009,0.5606803194000007
2026-05-20 00:00:00+00:00,0.5605534389000008,0.5613690676000008,0.5601216128000008,0.5611165781000008
2026-05-20 04:00:00+00:00,0.5612483156000009,0.5623403392000008,0.5610268538000008,0.5620713470000008
2026-05-20 08:00:00+00:00,0.5621678048000008,0.5637440400000008,0.5619898704000008,0.5634611903000007
2026-05-20 12:00:00+00:00,0.5635559396000008,0.5640750744000008,0.5628750848000008,0.5634581100000008
2026-05-20 16:00:00+00:00,0.5634596490000008,0.5637232176000009,0.5632938337000007,0.5635903572000008
2026-05-20 20:00:00+00:00,0.5635125442000007,0.5635125442000007,0.5617697250000008,0.5629791146000008
2026-05-21 00:00:00+00:00,0.5629421340000008,0.5630678120000009,0.5595293091000009,0.5607065217000008
2026-05-21 04:00:00+00:00,0.5607152472000009,0.5612583768000008,0.5601268095000008,0.5608561920000008
2026-05-21 08:00:00+00:00,0.5607153486000008,0.5622182168000008,0.5607153486000008,0.5619284720000008
2026-05-21 12:00:00+00:00,0.5619576590000008,0.5633021464000009,0.5619576590000008,0.5632989009000009
2026-05-21 16:00:00+00:00,0.5633311572000008,0.5636447960000008,0.5626675048000008,0.5626675048000008
2026-05-21 20:00:00+00:00,0.5626869768000008,0.5628580884000008,0.561742008000001,0.5624300992000009
2026-05-22 00:00:00+00:00,0.562337109000001,0.5624489520000009,0.5616500232000009,0.5619125683000009
2026-05-22 04:00:00+00:00,0.5618869956000009,0.562170851200001,0.5608493084000009,0.561102409200001
2026-05-22 08:00:00+00:00,0.5610957760000009,0.561363502500001,0.560194535400001,0.560222546400001
2026-05-22 12:00:00+00:00,0.560344316400001,0.560747868800001,0.559975973700001,0.560491338400001
2026-05-22 16:00:00+00:00,0.560502072000001,0.560614481700001,0.5597441244000011,0.559945058900001
2026-05-22 20:00:00+00:00,0.559929624700001,0.5599808766000011,0.559201427200001,0.559201427200001
2026-05-24 20:00:00+00:00,0.559180611000001,0.559180611000001,0.5578975380000012,0.5581865448000012
2026-05-25 00:00:00+00:00,0.5581661367000011,0.5589387533000011,0.5580090240000011,0.5584006285000012
2026-05-25 04:00:00+00:00,0.5585171448000011,0.5588878500000012,0.5578029688000012,0.5582093667000011
2026-05-25 08:00:00+00:00,0.5582095310000011,0.5586138743000012,0.5581108872000011,0.5584448070000011
2026-05-25 12:00:00+00:00,0.5583909847000011,0.5604315136000011,0.558159860400001,0.559781219400001
2026-05-25 16:00:00+00:00,0.5598067750000011,0.5600557371000011,0.559713780000001,0.559814766000001
2026-05-25 20:00:00+00:00,0.559815630400001,0.5600589900000011,0.5586237366000011,0.5598520462000012
2026-05-26 00:00:00+00:00,0.5598398655000011,0.5601184344000011,0.5596711848000012,0.5598721645000011
2026-05-26 04:00:00+00:00,0.5598571932000012,0.5609907248000011,0.5591327808000012,0.5603475564000011
2026-05-26 08:00:00+00:00,0.5601730600000011,0.5611068960000012,0.5599924272000012,0.5610689460000011
2026-05-26 12:00:00+00:00,0.561011061900001,0.5616520308000011,0.5609523360000012,0.561283556400001
2026-05-26 16:00:00+00:00,0.5612337315000012,0.5617740876000011,0.5611165950000011,0.5617581486000012
2026-05-26 20:00:00+00:00,0.5616787220000011,0.5617265261000012,0.5604039018000012,0.5611354455000012
2026-05-27 00:00:00+00:00,0.5610809759000012,0.5617338168000012,0.5600983648000013,0.5603942042000013
2026-05-27 04:00:00+00:00,0.5603806368000012,0.5605398038000012,0.5586023190000012,0.5589512791000012
2026-05-27 08:00:00+00:00,0.5589936849000012,0.5596268472000012,0.5587094544000013,0.5591096280000012
2026-05-27 12:00:00+00:00,0.5589853345000012,0.5597760323000012,0.5580907995000012,0.5597760323000012
2026-05-27 16:00:00+00:00,0.5598488464000012,0.5602028718000013,0.5596151924000012,0.5601764556000012
2026-05-27 20:00:00+00:00,0.5602276152000012,0.5605133950000014,0.5589939960000014,0.5602144128000014
2026-05-28 00:00:00+00:00,0.5600929098000014,0.5603146920000014,0.5591107865000013,0.5592296372000014
2026-05-28 04:00:00+00:00,0.5592768300000014,0.5598502864000013,0.5589726476000013,0.5596371960000014
2026-05-28 08:00:00+00:00,0.5596626016000014,0.5605294061000015,0.5595326238000015,0.5597886936000014
2026-05-28 12:00:00+00:00,0.5598180945000013,0.5599894900000014,0.5588403918000013,0.5597226544000015
2026-05-28 16:00:00+00:00,0.5596945670000014,0.5600008766000014,0.5595019430000014,0.5595228628000014
2026-05-28 20:00:00+00:00,0.5594983732000015,0.5596857006000014,0.5574118680000015,0.5583277134000015
2026-05-29 00:00:00+00:00,0.5582790501000016,0.5585029110000015,0.5578080400000015,0.5581217385000015
2026-05-29 04:00:00+00:00,0.5582253694000014,0.5586977229000014,0.5576532885000015,0.5580633000000015
2026-05-29 08:00:00+00:00,0.5581053850000015,0.5581710460000016,0.5570491118000015,0.5576150462000015
2026-05-29 12:00:00+00:00,0.5576029578000015,0.5596009524000015,0.5576029578000015,0.5584067040000015
2026-05-29 16:00:00+00:00,0.5583553240000014,0.5589243814000014,0.5573737910000015,0.5576819072000014
2026-05-29 20:00:00+00:00,0.5577474560000014,0.5580740880000015,0.5571681199000015,0.5572408829000014
2026-05-31 20:00:00+00:00,0.5570892194000013,0.5602356155000013,0.5570892194000013,0.5600684372000014
2026-06-01 00:00:00+00:00,0.5601827050000014,0.5615840178000014,0.5601827050000014,0.5609796747000014
2026-06-01 04:00:00+00:00,0.5610481230000014,0.5613321804000014,0.5601931543000015,0.5609343145000014
2026-06-01 08:00:00+00:00,0.5610226017000014,0.5616461895000014,0.5608330695000013,0.5610519253000015
2026-06-01 12:00:00+00:00,0.5610989895000014,0.5618161648000014,0.5606973445000014,0.5614978400000015
2026-06-01 16:00:00+00:00,0.5615713635000014,0.5621988075000014,0.5614677037000014,0.5620505925000014
2026-06-01 20:00:00+00:00,0.5620728652000014,0.5622215130000014,0.5612744303000013,0.5621692544000014
2026-06-02 00:00:00+00:00,0.5620515308000015,0.5625716765000015,0.5616005658000015,0.5619451323000014
2026-06-02 04:00:00+00:00,0.5618624084000015,0.5628029275000015,0.5617343312000014,0.5625134374000015
2026-06-02 08:00:00+00:00,0.5625553680000015,0.5633842500000015,0.5624238582000014,0.5625400716000014
2026-06-02 12:00:00+00:00,0.5625623700000014,0.5637400320000014,0.5624277646000014,0.5634250239000015
2026-06-02 16:00:00+00:00,0.5635001250000015,0.5642228410000015,0.5635001250000015,0.5639955399000015
2026-06-02 20:00:00+00:00,0.5639796312000014,0.5643187608000014,0.5630402220000015,0.5643187608000014
2026-06-03 00:00:00+00:00,0.5643652476000014,0.5645133788000014,0.5638092005000015,0.5640350555000015
2026-06-03 04:00:00+00:00,0.5640838400000014,0.5644347366000015,0.5632045265000014,0.5644065960000015
2026-06-03 08:00:00+00:00,0.5643043056000016,0.5649345530000015,0.5639399822000015,0.5639637096000015
2026-06-03 12:00:00+00:00,0.5638887098000015,0.5643264800000015,0.5630344839000015,0.5633611920000015
2026-06-03 16:00:00+00:00,0.5633476494000015,0.5641616316000015,0.5633284170000016,0.5636796208000014
2026-06-03 20:00:00+00:00,0.5636144572000015,0.5637932600000016,0.5622896753000016,0.5632681803000015
2026-06-04 00:00:00+00:00,0.5632360191000015,0.5633743824000015,0.5622128210000015,0.5627437767000015
2026-06-04 04:00:00+00:00,0.5626515603000015,0.5636642064000015,0.5624228790000015,0.5635469312000015
2026-06-04 08:00:00+00:00,0.5635308250000016,0.5636991040000016,0.5610997824000015,0.5613976104000016
2026-06-04 12:00:00+00:00,0.5613873826000015,0.5620717550000015,0.5611945596000014,0.5620179825000016
2026-06-04 16:00:00+00:00,0.5619734747000016,0.5623241330000015,0.5619339225000015,0.5621260086000015
2026-06-04 20:00:00+00:00,0.5620732416000015,0.5622591002000015,0.5610010254000015,0.5616119600000017
2026-06-05 00:00:00+00:00,0.5615323344000016,0.5615323344000016,0.5598719265000016,0.5610255494000016
2026-06-05 04:00:00+00:00,0.5609966190000016,0.5614407946000016,0.5602216410000016,0.5606034550000016
2026-06-05 08:00:00+00:00,0.5607113494000016,0.5618004075000016,0.5606521555000016,0.5616776070000016
2026-06-05 12:00:00+00:00,0.5616780988000016,0.5626573800000015,0.5605646466000016,0.5605780026000016
2026-06-05 16:00:00+00:00,0.5605317239000016,0.5610556727000017,0.5596968828000016,0.5599042332000017
2026-06-05 20:00:00+00:00,0.5599471668000017,0.5599471668000017,0.5589767032000016,0.5589767032000016
2026-06-07 20:00:00+00:00,0.5590209408000016,0.5606112168000015,0.5571131811000016,0.5606112168000015
2026-06-08 00:00:00+00:00,0.5605095321000014,0.5620830722000013,0.5605095321000014,0.5614117995000014
2026-06-08 04:00:00+00:00,0.5614744003000014,0.5621900994000014,0.5608012375000013,0.5620305908000014
2026-06-08 08:00:00+00:00,0.5620117230000015,0.5629893528000014,0.5617876810000014,0.5627453403000013
2026-06-08 12:00:00+00:00,0.5628541863000015,0.5629383400000014,0.5613659331000014,0.5619891070000015
2026-06-08 16:00:00+00:00,0.5619290864000014,0.5620713248000014,0.5614941160000014,0.5620047730000015
2026-06-08 20:00:00+00:00,0.5619689240000014,0.5620134492000014,0.5605765872000014,0.5616558368000013
2026-06-09 00:00:00+00:00,0.5616712517000013,0.5625810408000013,0.5613746803000014,0.5616698976000013
2026-06-09 04:00:00+00:00,0.5615810919000013,0.5625329080000013,0.5615327681000013,0.5617940290000014
2026-06-09 08:00:00+00:00,0.5618749305000014,0.5620256496000013,0.5610798820000014,0.5614949912000013
2026-06-09 12:00:00+00:00,0.5614003164000012,0.5616068778000013,0.5599569480000014,0.5599569480000014
2026-06-09 16:00:00+00:00,0.5600202508000013,0.5610404723000013,0.5596480320000013,0.5610404723000013
2026-06-09 20:00:00+00:00,0.5609927232000014,0.5625477120000012,0.5607172028000014,0.5625477120000012
2026-06-10 00:00:00+00:00,0.5624654805000012,0.5628701295000011,0.5621157696000012,0.5624367085000012
2026-06-10 04:00:00+00:00,0.5624496031000012,0.5624696502000013,0.5611548462000012,0.5614583744000012
2026-06-10 08:00:00+00:00,0.5613533742000012,0.5616327040000011,0.5604377408000012,0.5607263346000012
2026-06-10 12:00:00+00:00,0.5607206815000012,0.5619661809000012,0.5605645896000012,0.5617019538000012
2026-06-10 16:00:00+00:00,0.5616490080000013,0.5618694054000012,0.5610631320000012,0.5611053100000013
2026-06-10 20:00:00+00:00,0.5611195650000013,0.5611734930000012,0.5599197864000012,0.5605590640000012
2026-06-11 00:00:00+00:00,0.5606240740000012,0.5607747090000013,0.5600506025000013,0.5602699710000013
2026-06-11 04:00:00+00:00,0.5602920911000012,0.5607734005000012,0.5602557066000012,0.5606128869000012
2026-06-11 08:00:00+00:00,0.5606271495000013,0.5609443820000012,0.5600275975000013,0.5600853468000012
2026-06-11 12:00:00+00:00,0.5601396240000013,0.5611480750000012,0.5593221408000012,0.5610719920000012
2026-06-11 16:00:00+00:00,0.5612201320000012,0.5617009829000013,0.5607034429000012,0.5612628171000013
2026-06-11 20:00:00+00:00,0.5611602552000012,0.5613791256000014,0.5598007528000012,0.5610090320000014
2026-06-12 00:00:00+00:00,0.5609968682000014,0.5613570011000014,0.5603695735000014,0.5608126290000014
2026-06-12 04:00:00+00:00,0.5607546041000013,0.5612291940000014,0.5602331225000015,0.5607781058000014
2026-06-12 08:00:00+00:00,0.5607094428000015,0.5614988202000013,0.5605860587000013,0.5612069515000013
2026-06-12 12:00:00+00:00,0.5611371612000013,0.5624927352000013,0.5611214112000014,0.5618677552000013
2026-06-12 16:00:00+00:00,0.5619179943000013,0.5624198430000014,0.5618044278000013,0.5623826369000013
2026-06-12 20:00:00+00:00,0.5624257187000014,0.5624374630000013,0.5616906300000014,0.5618898602000014
2026-06-14 20:00:00+00:00,0.5617274775000014,0.5636761390000014,0.5609344149000014,0.5628804720000015
2026-06-15 00:00:00+00:00,0.5627974059000014,0.5635204149000014,0.5626357330000014,0.5633096772000014
2026-06-15 04:00:00+00:00,0.5633114400000014,0.5633114400000014,0.5616767780000013,0.5622066225000014
2026-06-15 08:00:00+00:00,0.5621034354000013,0.5623515966000013,0.5616272595000014,0.5622090804000013
2026-06-15 12:00:00+00:00,0.5621436264000013,0.5631721176000013,0.5615715658000013,0.5631360519000014
2026-06-15 16:00:00+00:00,0.5631937791000013,0.5633120272000013,0.5627679660000013,0.5632293858000014
2026-06-15 20:00:00+00:00,0.5631211850000013,0.5631627027000013,0.5617719640000014,0.5629105455000014
2026-06-16 00:00:00+00:00,0.5628648901000015,0.5628811140000015,0.5621670466000015,0.5625559814000014
2026-06-16 04:00:00+00:00,0.5624899688000015,0.5625372522000014,0.5614788040000016,0.5623657660000014
2026-06-16 08:00:00+00:00,0.5624077116000015,0.5632210824000015,0.5620696944000014,0.5631823568000015
2026-06-16 12:00:00+00:00,0.5631883350000014,0.5634280944000014,0.5619369970000015,0.5620522146000014
2026-06-16 16:00:00+00:00,0.5620773375000014,0.5621284062000016,0.5615925456000015,0.5616197580000014
2026-06-16 20:00:00+00:00,0.5615225595000014,0.5616851736000015,0.5604801782000014,0.5613360224000015
2026-06-17 00:00:00+00:00,0.5612796450000015,0.5613843410000016,0.5604233670000015,0.5604982900000015
2026-06-17 04:00:00+00:00,0.5605396160000016,0.5605396160000016,0.5594396616000016,0.5597991290000015
2026-06-17 08:00:00+00:00,0.5597406384000015,0.5608993140000015,0.5595584421000015,0.5606991596000015
2026-06-17 12:00:00+00:00,0.5606284200000016,0.5619287160000015,0.5605588704000015,0.5616213648000015
2026-06-17 16:00:00+00:00,0.5616123885000015,0.5627298674000015,0.5614922712000016,0.5620717575000015
2026-06-17 20:00:00+00:00,0.5622407739000015,0.5623279647000016,0.5609618010000015,0.5621278662000015
2026-06-18 00:00:00+00:00,0.5620943747000016,0.5633110098000015,0.5620080609000015,0.5632594360000014
2026-06-18 04:00:00+00:00,0.5632778460000014,0.5638004379000014,0.5626333792000014,0.5637174048000014
2026-06-18 08:00:00+00:00,0.5636862840000014,0.5646913875000015,0.5635279499000014,0.5646564792000014
2026-06-18 12:00:00+00:00,0.5646778896000014,0.5657078392000014,0.5644603450000015,0.5654115248000015
2026-06-18 16:00:00+00:00,0.5654487530000015,0.5661823590000015,0.5654036196000015,0.5655722304000015
2026-06-18 20:00:00+00:00,0.5656224987000015,0.5656492772000015,0.5638476750000015,0.5653922859000015
2026-06-19 00:00:00+00:00,0.5653751600000014,0.5661110832000015,0.5648916493000015,0.5656245898000014
2026-06-19 04:00:00+00:00,0.5655959848000014,0.5669851509000015,0.5655322944000014,0.5669502225000014
2026-06-19 08:00:00+00:00,0.5670169001000015,0.5671428992000015,0.5660869500000015,0.5666493006000014
2026-06-19 12:00:00+00:00,0.5666770159000014,0.5675757777000014,0.5665983040000014,0.5671422720000014
2026-06-19 16:00:00+00:00,0.5671827294000015,0.5671827294000015,0.5664968046000014,0.5665596354000014
2026-06-19 20:00:00+00:00,0.5667167505000015,0.5668206390000013,0.5658767700000015,0.5665001242000015
2026-06-21 20:00:00+00:00,0.5665499541000014,0.5665499541000014,0.5653655175000015,0.5660668400000015
2026-06-22 00:00:00+00:00,0.5660073705000015,0.5670168898000015,0.5660073705000015,0.5664412116000015
2026-06-22 04:00:00+00:00,0.5664204936000015,0.5667182103000016,0.5657955066000016,0.5662143106000015
2026-06-22 08:00:00+00:00,0.5662890555000015,0.5664882656000015,0.5652900500000014,0.5664835710000015
2026-06-22 12:00:00+00:00,0.5665010808000015,0.5674956616000015,0.5662392538000015,0.5665772750000015
2026-06-22 16:00:00+00:00,0.5665893120000015,0.5668855979000015,0.5662961850000015,0.5662961850000015
2026-06-22 20:00:00+00:00,0.5662646000000015,0.5666257420000015,0.5656570389000015,0.5661007135000015
2026-06-23 00:00:00+00:00,0.5660464425000015,0.5660464425000015,0.5641436414000015,0.5645065011000014
2026-06-23 04:00:00+00:00,0.5645265672000014,0.5645729730000015,0.5623583541000015,0.5626232456000015
2026-06-23 08:00:00+00:00,0.5627302776000015,0.5640433740000015,0.5621122182000015,0.5621122182000015
2026-06-23 12:00:00+00:00,0.5621026873000015,0.5622858550000015,0.5607785824000016,0.5611889255000014
2026-06-23 16:00:00+00:00,0.5612692272000015,0.5613757682000015,0.5602575615000014,0.5604237672000015
2026-06-23 20:00:00+00:00,0.5604041916000014,0.5606991000000014,0.5599682094000015,0.5604499746000015
2026-06-24 00:00:00+00:00,0.5606479515000015,0.5613835350000015,0.5600154246000014,0.5601439210000014
2026-06-24 04:00:00+00:00,0.5601439210000014,0.5614412552000014,0.5599717048000015,0.5605557210000015
2026-06-24 08:00:00+00:00,0.5606012643000015,0.5609989545000015,0.5598861414000015,0.5609277360000016
2026-06-24 12:00:00+00:00,0.5608926060000015,0.5614211982000015,0.5603517675000015,0.5608373433000015
2026-06-24 16:00:00+00:00,0.5607843340000015,0.5609857775000016,0.5599176984000015,0.5607928920000014
2026-06-24 20:00:00+00:00,0.5607519976000015,0.561754066500001,0.5602672920000014,0.5617150896000009
2026-06-25 00:00:00+00:00,0.561533680600001,0.5616173152000009,0.559850208500001,0.560310208800001
2026-06-25 04:00:00+00:00,0.5603669120000009,0.5610126852000009,0.5602924052000009,0.5609113358000011
2026-06-25 08:00:00+00:00,0.5609539539000009,0.561542588100001,0.560589460200001,0.561476729300001
2026-06-25 12:00:00+00:00,0.561522046800001,0.561969884800001,0.559995182600001,0.561181379200001
2026-06-25 16:00:00+00:00,0.561252840500001,0.5615782419000009,0.560608714000001,0.560754570600001
2026-06-25 20:00:00+00:00,0.560744324400001,0.561415695800001,0.560110007600001,0.5608395600000009
2026-06-26 00:00:00+00:00,0.5608235489000009,0.5608939760000009,0.558702557400001,0.5593205876000009
2026-06-26 04:00:00+00:00,0.5593829048000009,0.5595583824000009,0.5581933500000009,0.5586984592000009
2026-06-26 08:00:00+00:00,0.5586474229000009,0.559732921200001,0.5583217372000009,0.559444601200001
2026-06-26 12:00:00+00:00,0.5593935204000009,0.560080489000001,0.558540413700001,0.5594867108000009
2026-06-26 16:00:00+00:00,0.5596584200000009,0.560181507600001,0.5595432360000009,0.5597353710000009
2026-06-26 20:00:00+00:00,0.5598317998000009,0.5598317998000009,0.5588672610000008,0.5588672610000008
2026-06-28 20:00:00+00:00,0.558784926000001,0.559923693600001,0.558784926000001,0.559804347600001
2026-06-29 00:00:00+00:00,0.559640604600001,0.559640604600001,0.5585897856000009,0.559195416000001
2026-06-29 04:00:00+00:00,0.559186918400001,0.5597161104000009,0.5588912673000009,0.5588912673000009
2026-06-29 08:00:00+00:00,0.5588535940000009,0.559162272000001,0.558679508000001,0.5588784784000009
2026-06-29 12:00:00+00:00,0.558860809000001,0.559195318900001,0.5572793520000009,0.557518691000001
2026-06-29 16:00:00+00:00,0.557544326400001,0.557657262400001,0.557302735200001,0.557417527800001
2026-06-29 20:00:00+00:00,0.5574499803000009,0.557843199300001,0.556883283000001,0.5575177943000009
2026-06-30 00:00:00+00:00,0.5573656737000009,0.557672607000001,0.5566426341000009,0.5573710436000009
2026-06-30 04:00:00+00:00,0.557452861500001,0.558277212500001,0.5574000220000009,0.558200473600001
2026-06-30 08:00:00+00:00,0.558251017300001,0.559192632900001,0.558251017300001,0.559142108400001
2026-06-30 12:00:00+00:00,0.559207617600001,0.5604408238000009,0.558551650800001,0.5603468182000009
2026-06-30 16:00:00+00:00,0.560457003000001,0.561046703000001,0.5601823648000009,0.5608490070000011
2026-06-30 20:00:00+00:00,0.560894897200001,0.561025476000001,0.559655550000001,0.560772339100001
2026-07-01 00:00:00+00:00,0.560781936000001,0.5608977775000009,0.5588650509000009,0.559598217900001
2026-07-01 04:00:00+00:00,0.559539719200001,0.559910102400001,0.5591763962000009,0.5598371556000009
2026-07-01 08:00:00+00:00,0.5599252620000009,0.560822682700001,0.559765510200001,0.5607982947000009
2026-07-01 12:00:00+00:00,0.5607725202000009,0.561279386800001,0.559544850000001,0.559860126000001
2026-07-01 16:00:00+00:00,0.5599373184000009,0.5599670960000009,0.5596176240000009,0.559721305000001
2026-07-01 20:00:00+00:00,0.5597081642000008,0.5603983428000009,0.559023177000001,0.559731459200001
2026-07-02 00:00:00+00:00,0.5596874337000011,0.560210722200001,0.559232140500001,0.5596820574000011
2026-07-02 04:00:00+00:00,0.5596444986000011,0.559880475000001,0.5579989836000011,0.5579989836000011
2026-07-02 08:00:00+00:00,0.5580003476000011,0.5582648736000011,0.557546712000001,0.5576688378000011
2026-07-02 12:00:00+00:00,0.5576969454000011,0.5593099365000012,0.557685368000001,0.5579956350000012
2026-07-02 16:00:00+00:00,0.557919648000001,0.558318071700001,0.557682680700001,0.558223465600001
2026-07-02 20:00:00+00:00,0.5581763070000011,0.558444149000001,0.5567478049000011,0.5583839776000011
2026-07-03 00:00:00+00:00,0.5583519616000011,0.5590356000000011,0.558088633600001,0.558826429000001
2026-07-03 04:00:00+00:00,0.558826429000001,0.559101255300001,0.558423037800001,0.5588976524000011
2026-07-03 08:00:00+00:00,0.5589140624000011,0.5594135040000011,0.5588381921000011,0.559009561600001
2026-07-03 12:00:00+00:00,0.559066188800001,0.559499320000001,0.5588728920000011,0.5593095403000011
2026-07-03 16:00:00+00:00,0.559329936000001,0.5596533252000011,0.5591687481000011,0.5595521724000011
2026-07-03 20:00:00+00:00,0.559625425000001,0.559625425000001,0.5585694282000011,0.5585731948000011
2026-07-05 20:00:00+00:00,0.5587048530000011,0.5602204055000011,0.558623743500001,0.560055085000001
2026-07-06 00:00:00+00:00,0.559889336400001,0.560280866500001,0.559446528300001,0.559729639800001
2026-07-06 04:00:00+00:00,0.5596979670000011,0.5610903128000009,0.559682980400001,0.560710559000001
2026-07-06 08:00:00+00:00,0.560803434400001,0.561680910300001,0.5606475643000011,0.561374460000001
2026-07-06 12:00:00+00:00,0.561366067500001,0.562505635500001,0.560756652500001,0.5623716028000009
2026-07-06 16:00:00+00:00,0.562376704000001,0.562688864200001,0.5622518880000009,0.562688864200001
2026-07-06 20:00:00+00:00,0.562747312400001,0.562747312400001,0.561393241900001,0.562478529600001
2026-07-07 00:00:00+00:00,0.562488586000001,0.5627430270000009,0.5618226222000009,0.562087649900001
2026-07-07 04:00:00+00:00,0.5621256154000009,0.562582497000001,0.561513948900001,0.562350055200001
2026-07-07 08:00:00+00:00,0.562455878400001,0.5630919840000009,0.5622585150000009,0.562811823900001
2026-07-07 12:00:00+00:00,0.562751713500001,0.5628484128000009,0.561853553800001,0.562187057500001
2026-07-07 16:00:00+00:00,0.562205540000001,0.562848949500001,0.562201920000001,0.562848949500001
2026-07-07 20:00:00+00:00,0.5628198030000009,0.5628870252000009,0.560792980800001,0.562212882000001
2026-07-08 00:00:00+00:00,0.562241736000001,0.563682805200001,0.562237382400001,0.563252900400001
2026-07-08 04:00:00+00:00,0.563214949400001,0.563406664800001,0.5618417805000011,0.561894766400001
2026-07-08 08:00:00+00:00,0.561835953000001,0.561856136800001,0.560501960900001,0.561775021500001
2026-07-08 12:00:00+00:00,0.561676770000001,0.562504521600001,0.561676770000001,0.5623202472000011
2026-07-08 16:00:00+00:00,0.562373075000001,0.562666797000001,0.562243512600001,0.5626037582000011
2026-07-08 20:00:00+00:00,0.5625702160000011,0.5626560114000011,0.561099617000001,0.5625649762000011
2026-07-09 00:00:00+00:00,0.562514473400001,0.562527526400001,0.5615154468000011,0.5617815688000012
2026-07-09 04:00:00+00:00,0.5617931195000011,0.5619816285000011,0.5612265444000011,0.5614711368000012
2026-07-09 08:00:00+00:00,0.5614376976000011,0.562166103200001,0.561129104800001,0.5619265344000011
2026-07-09 12:00:00+00:00,0.5619899184000011,0.5622830708000011,0.561686910000001,0.5618957960000011
2026-07-09 16:00:00+00:00,0.5619487768000011,0.5622135902000011,0.561609568500001,0.562080340900001
2026-07-09 20:00:00+00:00,0.5620430095000011,0.5621949179000011,0.5606481727000009,0.5616371614000009
2026-07-10 00:00:00+00:00,0.5616612410000009,0.5616612410000009,0.5605619547000008,0.5611065696000008
2026-07-10 04:00:00+00:00,0.5610977069000009,0.5614433724000009,0.5607630000000009,0.5610057170000009
2026-07-10 08:00:00+00:00,0.5608761088000009,0.5623264800000009,0.560785272000001,0.562283107000001
2026-07-10 12:00:00+00:00,0.5622935741000009,0.5633544060000009,0.5622935741000009,0.562711092500001
2026-07-10 16:00:00+00:00,0.562750734000001,0.5639639977000009,0.562750734000001,0.5638363543000009
2026-07-10 20:00:00+00:00,0.5638707360000009,0.563985271600001,0.5631725233000008,0.5631725233000008
2026-07-12 20:00:00+00:00,0.5632860463000008,0.5660735840000007,0.5632860463000008,0.5657234940000008
2026-07-13 00:00:00+00:00,0.5656215469000008,0.5660985330000007,0.5650093325000007,0.5650877400000007
2026-07-13 04:00:00+00:00,0.5650008597000007,0.5652493885000007,0.5645344528000007,0.5648338252000007
2026-07-13 08:00:00+00:00,0.5648062860000008,0.5660869244000007,0.5646835725000008,0.5660869244000007
2026-07-13 12:00:00+00:00,0.5659635812000008,0.5674693437000008,0.5659619910000007,0.5671720992000008
2026-07-13 16:00:00+00:00,0.5671976805000007,0.5675994600000007,0.5669466558000007,0.5673942424000007
2026-07-13 20:00:00+00:00,0.5674135341000007,0.5677971048000007,0.5667122400000008,0.5677160760000005
2026-07-14 00:00:00+00:00,0.5677476057000006,0.5679252129000005,0.5672683104000006,0.5678323550000006
2026-07-14 04:00:00+00:00,0.5679224136000006,0.5691363580000006,0.5677875885000007,0.5687673166000006
2026-07-14 08:00:00+00:00,0.5686886646000006,0.5686973100000006,0.5673900581000006,0.5675958682000005
2026-07-14 12:00:00+00:00,0.5675593680000005,0.5683494994000007,0.5669386406000005,0.5680502919000006
2026-07-14 16:00:00+00:00,0.5680723328000006,0.5685194060000006,0.5678842304000006,0.5682882976000005
2026-07-14 20:00:00+00:00,0.5682982867000006,0.5691022500000005,0.5675687848000005,0.5688751388000005
2026-07-15 00:00:00+00:00,0.5689087702000005,0.5698643793000004,0.5687887335000006,0.5697942264000005
2026-07-15 04:00:00+00:00,0.5698169322000005,0.5702616216000005,0.5694121122000005,0.5701485994000005
2026-07-15 08:00:00+00:00,0.5701317750000006,0.5710330976000005,0.5701317750000006,0.5710010944000005
2026-07-15 12:00:00+00:00,0.5709828960000005,0.5710918391000005,0.5688490360000005,0.5689063556000005
2026-07-15 16:00:00+00:00,0.5688905564000005,0.5689302380000005,0.5682023192000004,0.5685209115000005
2026-07-15 20:00:00+00:00,0.5685574878000005,0.5687491968000005,0.5671620600000005,0.5682605232000003
2026-07-16 00:00:00+00:00,0.5683510583000004,0.5684841190000003,0.5673566274000004,0.5684834436000004
2026-07-16 04:00:00+00:00,0.5684802100000004,0.5689466826000004,0.5682040497000004,0.5684495274000003
2026-07-16 08:00:00+00:00,0.5685354360000003,0.5698921509000004,0.5685354360000003,0.5695807032000003
2026-07-16 12:00:00+00:00,0.5696794856000003,0.5712819255000003,0.5695292348000003,0.5700846000000003
2026-07-16 16:00:00+00:00,0.5701010661000003,0.5705342782000004,0.5699769669000003,0.5702407900000003
2026-07-16 20:00:00+00:00,0.5701928800000003,0.5709632500000005,0.5697148613000004,0.5709632500000005
2026-07-17 00:00:00+00:00,0.5709506202000004,0.5709506202000004,0.5696099210000005,0.5698359656000005
2026-07-17 04:00:00+00:00,0.5696904384000004,0.5698484022000004,0.5686049888000003,0.5687468215000004
2026-07-17 08:00:00+00:00,0.5688299025000004,0.5689444698000005,0.5671903900000005,0.5679927900000004
2026-07-17 12:00:00+00:00,0.5680419640000004,0.5686913371000004,0.5676696270000003,0.5685059541000004
2026-07-17 16:00:00+00:00,0.5684912928000004,0.5690363760000003,0.5684551950000004,0.5688017930000004
2026-07-17 20:00:00+00:00,0.5687413662000005,0.5688524392000004,0.5680424910000004,0.5680424910000004
2026-07-19 20:00:00+00:00,0.5679217206000005,0.5696224521000001,0.5672769770000005,0.5695638822000001
2026-07-20 00:00:00+00:00,0.5694791580000002,0.5701295856000002,0.5693200380000001,0.5699502004000001
2026-07-20 04:00:00+00:00,0.5699319390000002,0.5701541076000001,0.5691781806000001,0.5698093792000001
2026-07-20 08:00:00+00:00,0.5699088304000001,0.5715733086000001,0.5697776265000001,0.5715159174000002
2026-07-20 12:00:00+00:00,0.5715661590000002,0.5731782480000001,0.5714099083,0.5728026240000001
2026-07-20 16:00:00+00:00,0.5728370643000001,0.5729759784,0.5723214948,0.5723719050000001
2026-07-20 20:00:00+00:00,0.5723928252000001,0.5724694461000002,0.5709574304000001,0.5722526178000003
2026-07-21 00:00:00+00:00,0.5721424170000001,0.5732701800000002,0.5721118095000001,0.5730346944000001
2026-07-21 04:00:00+00:00,0.5730388469000001,0.5737589488000001,0.5728483836000001,0.5735863280000001
2026-07-21 08:00:00+00:00,0.5736102920000001,0.5742745920000002,0.5735090169000001,0.5741111676000001
2026-07-21 12:00:00+00:00,0.5740225635000002,0.5746965625000001,0.5737136568000001,0.5744017870000001
2026-07-21 16:00:00+00:00,0.5744616704000001,0.5748111452000001,0.5741668908000002,0.5743974066000002
2026-07-21 20:00:00+00:00,0.5743556192000002,0.5751170390000001,0.5739817008000001,0.5750582352000002
2026-07-22 00:00:00+00:00,0.5750309061000002,0.5758853220000002,0.5750117968000003,0.5750326425000002
2026-07-22 04:00:00+00:00,0.5750460972000002,0.5752284060000002,0.5742883839000003,0.5743112736000002
2026-07-22 08:00:00+00:00,0.5743462005000002,0.5746945312000002,0.5739641215000003,0.5745533178000002
2026-07-22 12:00:00+00:00,0.5745648309000002,0.5756017347000002,0.5737230115000002,0.5756017347000002
2026-07-22 16:00:00+00:00,0.5755856625000002,0.5761125489000002,0.5754952539000002,0.5759568675000002
2026-07-22 20:00:00+00:00,0.5759979908000001,0.5761965013000001,0.5751450950000002,0.5753167205
2026-07-23 00:00:00+00:00,0.5753032940000001,0.5774612060000001,0.5752398487000001,0.5770123292000001
2026-07-23 04:00:00+00:00,0.5770042936,0.5772251083000001,0.5764693536000001,0.5768101872000001
2026-07-23 08:00:00+00:00,0.5767314606,0.5769687846000001,0.5762449330000001,0.5768880000000001
2026-07-23 12:00:00+00:00,0.576848482,0.576848482,0.5754377500000001,0.5762581020000002
2026-07-23 16:00:00+00:00,0.5761786632000001,0.5762684112,0.5750064735000002,0.5752519262000001
2026-07-23 20:00:00+00:00,0.5753320812,0.575792595,0.5744643606000001,0.5757541920000001
2026-07-24 00:00:00+00:00,0.5758820230000001,0.5767998213000001,0.5756732512000001,0.5764464728000002
2026-07-24 04:00:00+00:00,0.5764616868000001,0.5770838549000001,0.5763837153000001,0.5766725245000002
2026-07-24 08:00:00+00:00,0.5766492396,0.5780426844000001,0.5766492396,0.5779587490000001
2026-07-24 12:00:00+00:00,0.5778471366000001,0.5780325132,0.5771656724,0.5779609675000001
2026-07-24 16:00:00+00:00,0.577944627,0.5783089400000001,0.5776860772000001,0.5778577678000001
2026-07-24 20:00:00+00:00,0.5778182644000001,0.5779882332,0.5772566092000001,0.5772566092000001
2026-07-26 20:00:00+00:00,0.5772566092000001,0.5784095471000001,0.5771656724000002,0.5778889106000001
2026-07-27 00:00:00+00:00,0.5779196402000002,0.5779196402000002,0.5767565958000002,0.5772733038000001
2026-07-27 04:00:00+00:00,0.5772642725000001,0.5778315530000001,0.5771168640000001,0.5776411744000001
2026-07-27 08:00:00+00:00,0.5777138480000001,0.5778592200000001,0.5773124851000001,0.5775122556000001
2026-07-27 12:00:00+00:00,0.5775146043000001,0.5796420211000002,0.5772124892000001,0.5794205151000001
2026-07-27 16:00:00+00:00,0.5794246818000002,0.5797781936000002,0.5790817724000001,0.5797567922000001
2026-07-27 20:00:00+00:00,0.5797242846000001,0.5802757920000001,0.5789387697000001,0.5802200250000001
2026-07-28 00:00:00+00:00,0.5802221810000002,0.5805575658000002,0.5792665184000002,0.5793154752000002
2026-07-28 04:00:00+00:00,0.5791874550000001,0.5791874550000001,0.5782743360000001,0.5791545890000003
2026-07-28 08:00:00+00:00,0.5790794416000002,0.5793665020000002,0.5784640599000002,0.5785892490000002
2026-07-28 12:00:00+00:00,0.5787020673000002,0.5793526998000001,0.5778117675000001,0.5782014510000002
2026-07-28 16:00:00+00:00,0.5781697625000002,0.5791703060000002,0.5781697625000002,0.5791703060000002
2026-07-28 20:00:00+00:00,0.5792079340000001,0.5792282694000002,0.5772862091000001,0.5785114979000001
2026-07-29 00:00:00+00:00,0.5784565215,0.5785928088000001,0.5748928728000001,0.5751768024
2026-07-29 04:00:00+00:00,0.575042948,0.5761310885,0.5744940190000001,0.57581685
2026-07-29 08:00:00+00:00,0.5757599792000001,0.5763894948000001,0.5756018575000001,0.5760968554000001
2026-07-29 12:00:00+00:00,0.5761524690000001,0.5762975680000001,0.574800264,0.5751631833000002
2026-07-29 16:00:00+00:00,0.5751128844000001,0.5761490592,0.5732497602000001,0.5733959322
2026-07-29 20:00:00+00:00,0.573377588,0.5734561371000001,0.5716256793,0.5728783158
2026-07-30 00:00:00+00:00,0.57299421,0.574402658,0.5729757496,0.5737146272
2026-07-30 04:00:00+00:00,0.5737560832,0.5751622583,0.5734393856000001,0.5748946866
2026-07-30 08:00:00+00:00,0.5748460725,0.5752453013999999,0.5737599564,0.5742358296
2026-07-30 12:00:00+00:00,0.5741048028,0.5741569085999999,0.5714484018,0.5724363431999999
2026-07-30 16:00:00+00:00,0.5724361123999999,0.5727521423999999,0.5718521308,0.5725527949999999
2026-07-30 20:00:00+00:00,0.572583792,0.5733713299999998,0.5713070300999998,0.5732614964999999
2026-07-31 00:00:00+00:00,0.5733406656,0.5742823919,0.5732944502999999,0.5740762709999999
2026-07-31 04:00:00+00:00,0.5741656469999998,0.5750542864999999,0.5740699495999999,0.5746594665
2026-07-31 08:00:00+00:00,0.5748012089,0.5763459617999999,0.5746577883999999,0.5756765591999999
2026-07-31 12:00:00+00:00,0.5756991191999999,0.5765903186999999,0.5748786203999999,0.5749187409
2026-07-31 16:00:00+00:00,0.5750316572999999,0.5762443613999999,0.5750316572999999,0.575961812
2026-07-31 20:00:00+00:00,0.576024696,0.576341542,0.5740556172,0.5740556172
2026-08-02 20:00:00+00:00,0.5741888399999999,0.5747711544000002,0.5724566678,0.5743970463000001
2026-08-03 00:00:00+00:00,0.5744937772,0.5748980851000001,0.573386747,0.574613352
2026-08-03 04:00:00+00:00,0.5745856405,0.5746829640000001,0.5730787953,0.5731671240000001
2026-08-03 08:00:00+00:00,0.5731296480000001,0.5731820549,0.5719961476000001,0.5721138185000001
2026-08-03 12:00:00+00:00,0.5720603316,0.5736652669000001,0.5711326236000001,0.5732819716
2026-08-03 16:00:00+00:00,0.5732389167000002,0.5734466676000001,0.5727049692000001,0.5729891200000001
2026-08-03 20:00:00+00:00,0.5730176000000001,0.5732395709000001,0.5723196072000001,0.5731029686000002
2026-08-04 00:00:00+00:00,0.5730355224000001,0.5748360814000001,0.5728971903000001,0.5748064609000001
2026-08-04 04:00:00+00:00,0.5747958279000002,0.5749047480000001,0.5742117984,0.5746099119000001
2026-08-04 08:00:00+00:00,0.5746243388000001,0.5755929688,0.5746013619000001,0.5748571143000002
2026-08-04 12:00:00+00:00,0.5748293860000001,0.5755694784000001,0.5745945124,0.5754039762000002
2026-08-04 16:00:00+00:00,0.5754862377000001,0.576408596,0.5754862377000001,0.5762591394000001
2026-08-04 20:00:00+00:00,0.5761811799000001,0.5768546059000002,0.5753896616000002,0.5764606812
2026-08-05 00:00:00+00:00,0.5765197698000001,0.5768004816000001,0.5755487936000001,0.5757002373000001
2026-08-05 04:00:00+00:00,0.5757518599000001,0.5765563286000001,0.5756534940000001,0.5765384886000001
2026-08-05 08:00:00+00:00,0.5764720640000002,0.5768873753000001,0.5760715246000001,0.5763059185000001
2026-08-05 12:00:00+00:00,0.5763602208,0.5768154720000002,0.575631285,0.5757598898000001
2026-08-05 16:00:00+00:00,0.5758034745,0.5763140640000001,0.5757674832,0.5758473762000001
2026-08-05 20:00:00+00:00,0.5757689016,0.5760159075000001,0.5746109474,0.5753893991999999
2026-08-06 00:00:00+00:00,0.575356075,0.5755505945,0.5748396196999999,0.5749763179999999
2026-08-06 04:00:00+00:00,0.5749083949999999,0.5754304972000001,0.5748270329999999,0.575222404
2026-08-06 08:00:00+00:00,0.5751955351999999,0.5764255214999999,0.5750815958999999,0.5764236749999999
2026-08-06 12:00:00+00:00,0.5764343774999999,0.578081856,0.575652438,0.5774828804
2026-08-06 16:00:00+00:00,0.5774002079999999,0.5778123135,0.5772041552,0.5774713925
2026-08-06 20:00:00+00:00,0.5774723135999998,0.5777566804,0.5762871199999999,0.5776580377999999
2026-08-07 00:00:00+00:00,0.577717497,0.5778234567,0.5769816906,0.5771476019999999
2026-08-07 04:00:00+00:00,0.5771494719999999,0.5775021470999999,0.5770878035999999,0.5772580895999999
2026-08-07 08:00:00+00:00,0.5772250599999998,0.5773540017,0.5763567552,0.5767165152
2026-08-07 12:00:00+00:00,0.5767317348,0.5770517863999999,0.5764052504999999,0.5767838720999999
2026-08-07 16:00:00+00:00,0.5767416308,0.5772427982999999,0.5766609573999999,0.5771735342999998
2026-08-07 20:00:00+00:00,0.5771870712,0.5772851603,0.5766694062,0.5766694062
2026-08-09 20:00:00+00:00,0.5766694062,0.5766694062,0.574280564,0.5760684125999999
2026-08-10 00:00:00+00:00,0.5760529781999999,0.5766290559999998,0.5759728080999998,0.5765012477999998
2026-08-10 04:00:00+00:00,0.5765037857999998,0.5771015039999999,0.5758252879999999,0.5759371307999999
2026-08-10 08:00:00+00:00,0.5759882967999997,0.5766796676999999,0.5759284341999998,0.5763738530999999
2026-08-10 12:00:00+00:00,0.5763806999999999,0.5770476384999998,0.5760302987999999,0.5767697987999999
2026-08-10 16:00:00+00:00,0.5767739797999999,0.5770669781999999,0.5766781776,0.5767948185999998
2026-08-10 20:00:00+00:00,0.5767480124999999,0.5769018941999998,0.5759795627999998,0.5764429344
2026-08-11 00:00:00+00:00,0.576440047,0.5769343276,0.5762380599999999,0.5769013194
2026-08-11 04:00:00+00:00,0.57689874,0.5770998222,0.5756679472,0.5767561482
2026-08-11 08:00:00+00:00,0.5767364019,0.5777334048,0.5767364019,0.5777051328
2026-08-11 12:00:00+00:00,0.5777375799,0.5782167504,0.5773876662,0.5776870415
2026-08-11 16:00:00+00:00,0.5777284037,0.5782384845,0.5772641742,0.5775345086
2026-08-11 20:00:00+00:00,0.5775910972,0.5788085688000001,0.5768954746,0.5786964488
2026-08-12 00:00:00+00:00,0.5787745950000001,0.5791785484,0.5784376956,0.5789102847
2026-08-12 04:00:00+00:00,0.5788618869000001,0.579296025,0.5786194629,0.5792045015
2026-08-12 08:00:00+00:00,0.5792188569,0.5800833285,0.5791650795,0.5795039665
2026-08-12 12:00:00+00:00,0.5795131299,0.5805631560000001,0.5793797359,0.5796445018
2026-08-12 16:00:00+00:00,0.5797680553000001,0.580627938,0.5796357588000001,0.580627938
2026-08-12 20:00:00+00:00,0.5806432044000001,0.5806432044000001,0.5788581975000001,0.5804070169999999
2026-08-13 00:00:00+00:00,0.5804096983999998,0.5804733185999997,0.5796691679999998,0.5798779831999998
2026-08-13 04:00:00+00:00,0.5799057383999997,0.5799947206999998,0.5789335754999998,0.5790240655999999
2026-08-13 08:00:00+00:00,0.5790258781999998,0.5792860871999997,0.5785776499999998,0.5790395428999997
2026-08-13 12:00:00+00:00,0.5791014085999998,0.5797545029999999,0.5789937897999998,0.5797096359999998
2026-08-13 16:00:00+00:00,0.5797652717999997,0.5810909667999998,0.5797482204999997,0.5810909667999998
2026-08-13 20:00:00+00:00,0.5811242475999998,0.5811870539999998,0.5793202629999998,0.5806908029999999
2026-08-14 00:00:00+00:00,0.5807177468999999,0.5808093463999998,0.5799374849999999,0.5802400647999998
2026-08-14 04:00:00+00:00,0.580201464,0.5810945834999999,0.5800263578999999,0.5809426449999998
2026-08-14 08:00:00+00:00,0.5808669021999998,0.5812824919999999,0.5803837967999999,0.5805010889999999
2026-08-14 12:00:00+00:00,0.5804036913999999,0.5812167090999999,0.5800857651999999,0.5810326892999998
2026-08-14 16:00:00+00:00,0.5810755157999999,0.5818544171999999,0.5810369207999998,0.5817092161999999
2026-08-14 20:00:00+00:00,0.5816913299999998,0.5818498289999998,0.5811181599999999,0.5811181599999999
2026-08-16 20:00:00+00:00,0.5811181599999999,0.5820954816,0.580361118,0.5814960260999998
2026-08-17 00:00:00+00:00,0.581626738,0.581946624,0.5812126222,0.5819160631999999
2026-08-17 04:00:00+00:00,0.5819360165999999,0.5831526848,0.5810054410000001,0.5811938503999999
2026-08-17 08:00:00+00:00,0.5809962568,0.5831483761999999,0.5805760219999999,0.5826921228
2026-08-17 12:00:00+00:00,0.5825883321999998,0.582715188,0.5811112784999999,0.5814597243999999
2026-08-17 16:00:00+00:00,0.5815231463999999,0.582169036,0.5814724215,0.5817654144
2026-08-17 20:00:00+00:00,0.581767086,0.5831276502,0.5816087705999999,0.5830448025
2026-08-18 00:00:00+00:00,0.5830932315,0.583492274,0.5829950852,0.5832640632
2026-08-18 04:00:00+00:00,0.5832449963999999,0.583374359,0.58258376,0.5829646925
2026-08-18 08:00:00+00:00,0.5830071372,0.5844759232,0.5829591936,0.5844643328
2026-08-18 12:00:00+00:00,0.584538625,0.5849050801000001,0.5830103673000001,0.5830823349
2026-08-18 16:00:00+00:00,0.5831162,0.5831162,0.582175043,0.5824611485
2026-08-18 20:00:00+00:00,0.5824737651,0.582511545,0.5814973248,0.5820115224
2026-08-19 00:00:00+00:00,0.5819405808,0.582176595,0.5808765424,0.5808793347
2026-08-19 04:00:00+00:00,0.580892767,0.580892767,0.5798229559999999,0.5802434209
2026-08-19 08:00:00+00:00,0.5802694999999999,0.5809860842,0.579881918,0.5799994112
2026-08-19 12:00:00+00:00,0.5798817487,0.5802634607999999,0.5758987058999999,0.5763206735999999
2026-08-19 16:00:00+00:00,0.5763518092,0.5766717632,0.5746577291999999,0.5746577291999999
2026-08-19 20:00:00+00:00,0.5746838919999999,0.5749437735999999,0.5736720873999999,0.5747994303999999
2026-08-20 00:00:00+00:00,0.574669866,0.5759608683999999,0.5742197616,0.575801067
2026-08-20 04:00:00+00:00,0.575840868,0.5761049385,0.5752453857000001,0.5753544354
2026-08-20 08:00:00+00:00,0.575390017,0.5755342802,0.5734358444000001,0.5741223306
2026-08-20 12:00:00+00:00,0.5740363746,0.5762259888,0.573467256,0.5759978298999999
2026-08-20 16:00:00+00:00,0.5759507831999999,0.5761673516,0.5756346314999999,0.576013581
2026-08-20 20:00:00+00:00,0.576042489,0.5761060424,0.5751028462,0.57581913
2026-08-21 00:00:00+00:00,0.5760861474,0.5777402465999999,0.5760861474,0.5776328272
2026-08-21 04:00:00+00:00,0.577611252,0.5789058905999999,0.5774481467999999,0.5788534049999999
2026-08-21 08:00:00+00:00,0.5788744968999999,0.5794209134999999,0.5784037424999998,0.57918324
2026-08-21 12:00:00+00:00,0.5791874913999999,0.581539992,0.5791874913999999,0.5811938845999999
2026-08-21 16:00:00+00:00,0.5812396729999999,0.5816254067999999,0.5809960792,0.5810879281999999
2026-08-21 20:00:00+00:00,0.5810459934999999,0.5813072693999999,0.5809049014,0.5809049014
2026-08-23 20:00:00+00:00,0.5733827268,0.5744928492,0.5731162836,0.5741287755
2026-08-24 00:00:00+00:00,0.5740578935999999,0.5741641975999999,0.5732822562,0.5733572512
2026-08-24 04:00:00+00:00,0.5734339292,0.5745851923999999,0.573239646,0.5745026520000001
2026-08-24 08:00:00+00:00,0.57448062,0.574886578,0.5743732078,0.5746797306
2026-08-24 12:00:00+00:00,0.574644217,0.5749814528,0.573620431,0.5737695472
2026-08-24 16:00:00+00:00,0.5738241254,0.5738241254,0.5732740559999999,0.5737645694
2026-08-24 20:00:00+00:00,0.5737922832,0.5739866752,0.5726893218000001,0.5739439580000001
2026-08-25 00:00:00+00:00,0.5739211885,0.5749346304,0.5739211885,0.5745810816000001
2026-08-25 04:00:00+00:00,0.5745596999999999,0.5749680732,0.5740641353999999,0.5743427499
2026-08-25 08:00:00+00:00,0.5742972258,0.5743828076000002,0.5735979376,0.5742739152
2026-08-25 12:00:00+00:00,0.5742444260000001,0.5747086476000002,0.5739445064000002,0.5744593932000002
2026-08-25 16:00:00+00:00,0.5745218544000003,0.5745604953000002,0.5739681374000003,0.5741036375000004
2026-08-25 20:00:00+00:00,0.5741554890000005,0.5745753414,0.5729132930000004,0.5743888815999999
2026-08-26 00:00:00+00:00,0.5744381759999999,0.5770903208,0.5741297474,0.5768007839999999
2026-08-26 04:00:00+00:00,0.5767961483999999,0.5773151277999999,0.5764699184,0.5766329799999999
2026-08-26 08:00:00+00:00,0.5765864964,0.5776404595999999,0.5765864964,0.5775547704999999
2026-08-26 12:00:00+00:00,0.5776110428,0.5781903558,0.5771980242,0.5773313376
2026-08-26 16:00:00+00:00,0.5773080611,0.5777269992000001,0.577294612,0.5776829664
2026-08-26 20:00:00+00:00,0.5776740314000002,0.5783056818000001,0.5764094754000001,0.578120767
2026-08-27 00:00:00+00:00,0.5782006287000001,0.5786809964,0.5776977536000001,0.57853601
2026-08-27 04:00:00+00:00,0.5786093745,0.5789967066,0.578320535,0.5787302737000001
2026-08-27 08:00:00+00:00,0.5788252305000001,0.5791935378,0.5781980122,0.5786992328
2026-08-27 12:00:00+00:00,0.5787984596,0.57894254,0.5777007604000001,0.5783525976
2026-08-27 16:00:00+00:00,0.5783606334,0.5787662370000001,0.5780543340000001,0.5786739599999999
2026-08-27 20:00:00+00:00,0.5787035884,0.5787035884,0.5768517138,0.5783806427999999
2026-08-28 00:00:00+00:00,0.5784208338,0.579574047,0.5784208338,0.5794653159
2026-08-28 04:00:00+00:00,0.5794568479000001,0.579669067,0.5789198976,0.5789499300000001
2026-08-28 08:00:00+00:00,0.5789507804,0.5789507804,0.578189416,0.578189416
2026-08-28 12:00:00+00:00,0.5782808068,0.5799734748,0.5781822228,0.579180744
2026-08-28 16:00:00+00:00,0.5791886215000001,0.579785966,0.5791673363,0.5795860535
2026-08-28 20:00:00+00:00,0.5795446668,0.5798127837,0.5792714174,0.5792714174
2026-08-30 20:00:00+00:00,0.5788503937999999,0.5796309035,0.5787567276,0.5790566443999999
2026-08-31 00:00:00+00:00,0.5790291999999999,0.5798584926,0.5788275532,0.5797682203
2026-08-31 04:00:00+00:00,0.5797333064,0.5800453656,0.578221951,0.5784457536000001
2026-08-31 08:00:00+00:00,0.5784236916000001,0.5792661223,0.5784236916000001,0.5788887741
2026-08-31 12:00:00+00:00,0.5789527502,0.5794694934,0.5784898284,0.5792867629999999
2026-08-31 16:00:00+00:00,0.5792338491,0.5793410922,0.578908512,0.5791981992999999
2026-08-31 20:00:00+00:00,0.5791544458,0.579607681,0.5781435842,0.579607681
2026-09-01 00:00:00+00:00,0.5797205839999999,0.5806920595999999,0.5797205839999999,0.5804023662000001
2026-09-01 04:00:00+00:00,0.5803350719999999,0.5805500008,0.5795679492,0.5795850983999999
2026-09-01 08:00:00+00:00,0.579600876,0.5798922679999999,0.578051969,0.5788493046
2026-09-01 12:00:00+00:00,0.5787897177,0.5811828970999999,0.5786885052,0.581026811
2026-09-01 16:00:00+00:00,0.5810521185,0.5812863124,0.5795839909,0.5795839909
2026-09-01 20:00:00+00:00,0.5797047795,0.5801876304,0.5790272256,0.5801269069999999
2026-09-02 00:00:00+00:00,0.5801636076,0.5813788371999999,0.579987536,0.580408402
2026-09-02 04:00:00+00:00,0.5804532216,0.581433882,0.5799519712,0.581433882
2026-09-02 08:00:00+00:00,0.5814192144,0.5818369363,0.5803046624,0.5817867744
2026-09-02 12:00:00+00:00,0.5817143292999999,0.5831113295,0.5816067868,0.5828296474
2026-09-02 16:00:00+00:00,0.58291287,0.5830935076,0.5827177499999999,0.5828378354999999
2026-09-02 20:00:00+00:00,0.5828387936,0.582891806,0.581531886,0.5823280785
2026-09-03 00:00:00+00:00,0.5823275099999999,0.5824888368,0.5815926220000001,0.5821600305
2026-09-03 04:00:00+00:00,0.582120383,0.5822340546,0.5795833131000001,0.580536425
2026-09-03 08:00:00+00:00,0.5804742828999999,0.581987064,0.5804742828999999,0.581624232
2026-09-03 12:00:00+00:00,0.5816700945,0.5818597102,0.5803997062999999,0.5810810187
2026-09-03 16:00:00+00:00,0.5810666225,0.5816632023,0.5802614566000001,0.5815315926
2026-09-03 20:00:00+00:00,0.5815407666,0.5818037379,0.580104317,0.5813775252
2026-09-04 00:00:00+00:00,0.5813351999999999,0.5827437504,0.5813009468,0.5825992661999999
2026-09-04 04:00:00+00:00,0.582579392,0.582860891,0.581872947,0.5821261901
2026-09-04 08:00:00+00:00,0.58205683,0.5829137916,0.58205683,0.5828703143999999
2026-09-04 12:00:00+00:00,0.5828612320000001,0.5837518276,0.5826774632,0.5835227524
2026-09-04 16:00:00+00:00,0.5835459083000001,0.583696896,0.5833556514,0.583572411
2026-09-04 20:00:00+00:00,0.5835788023999999,0.5836923117999999,0.5832098879000001,0.5832098879000001
2026-09-06 20:00:00+00:00,0.5834898068,0.5837662007,0.5834898068,0.583666169
2026-09-07 00:00:00+00:00,0.5836833171000001,0.5840192399999999,0.5833149368,0.5839598464
2026-09-07 04:00:00+00:00,0.5839436351999999,0.5851163967999999,0.5837833296,0.5848699519999999
2026-09-07 08:00:00+00:00,0.5848655715,0.5848729945,0.5835610094999999,0.5836243984999999
2026-09-07 12:00:00+00:00,0.5836340312,0.5841859865,0.5835159745,0.5839832335999999
2026-09-07 16:00:00+00:00,0.583996795,0.5843684019000001,0.583996795,0.5843062692
2026-09-07 20:00:00+00:00,0.5843495736,0.5844132684,0.583268684,0.5841228679999999
2026-09-08 00:00:00+00:00,0.5841543565,0.5841543565,0.5831120468,0.583990194
2026-09-08 04:00:00+00:00,0.5839703055000001,0.5849922,0.5833074359,0.5846804184000001
2026-09-08 08:00:00+00:00,0.5847408017,0.5855288153,0.5845075176,0.5854431528
2026-09-08 12:00:00+00:00,0.5854386413,0.5856550403,0.5837824576,0.5839589602999999
2026-09-08 16:00:00+00:00,0.5839410297,0.5845770536,0.5838736728,0.5843587296
2026-09-08 20:00:00+00:00,0.5843307422999999,0.584435802,0.5838957054,0.5841916032
2026-09-09 00:00:00+00:00,0.5842002892,0.58469931,0.5841814822,0.5843126745
2026-09-09 04:00:00+00:00,0.5843415668999999,0.5850778516,0.5842340856,0.5845055541
2026-09-09 08:00:00+00:00,0.584425584,0.584861723,0.5832273075,0.5833255958
2026-09-09 12:00:00+00:00,0.5832411000000001,0.5849059202,0.5826654294,0.5848556775
2026-09-09 16:00:00+00:00,0.584881758,0.5849307396,0.5845373271,0.5847619843
2026-09-09 20:00:00+00:00,0.5847728705,0.5849071481,0.5834963015,0.5848900716
2026-09-10 00:00:00+00:00,0.584965109,0.5851535668,0.5834361345,0.5840251900000001
2026-09-10 04:00:00+00:00,0.584038757,0.5842517100000001,0.5832798845,0.5838946421
2026-09-10 08:00:00+00:00,0.5839145297999999,0.5847264888,0.583648134,0.5837653799999999
2026-09-10 12:00:00+00:00,0.5837565552,0.5837565552,0.581253867,0.581677761
2026-09-10 16:00:00+00:00,0.5816868171,0.5822294042,0.5816274852,0.5819684577
2026-09-10 20:00:00+00:00,0.581958387,0.5823686799000001,0.5811134316,0.5819041203
2026-09-11 00:00:00+00:00,0.5819245344,0.5825847768,0.5818457875999999,0.582242598
2026-09-11 04:00:00+00:00,0.5822862432,0.5835685739,0.5819913007999999,0.5834794468
2026-09-11 08:00:00+00:00,0.5835631592,0.5852474537000001,0.582957388,0.584767416
2026-09-11 12:00:00+00:00,0.5847546936,0.5854169622,0.58422456,0.5852613879999999
2026-09-11 16:00:00+00:00,0.5852806618999999,0.5859272888,0.5851528903,0.5857125288
2026-09-11 20:00:00+00:00,0.5856920050000001,0.5857483908,0.584992041,0.584992041
